RACE_HISP,SEX,YEAR,BIRTHS
0,0,2023,3636819
0,0,2024,3661668
0,0,2025,3685638
0,0,2026,3709112
0,0,2027,3731981
0,0,2028,3753796
0,0,2029,3774328
0,0,2030,3793554
0,0,2031,3811249
0,0,2032,3826951
0,0,2033,3840248
0,0,2034,3851116
0,0,2035,3859663
0,0,2036,3865666
0,0,2037,3868702
0,0,2038,3868889
0,0,2039,3866448
0,0,2040,3861433
0,0,2041,3854336
0,0,2042,3845932
0,0,2043,3836769
0,0,2044,3827411
0,0,2045,3818422
0,0,2046,3810121
0,0,2047,3802579
0,0,2048,3795808
0,0,2049,3789911
0,0,2050,3785155
0,0,2051,3781798
0,0,2052,3780178
0,0,2053,3780609
0,0,2054,3783193
0,0,2055,3787761
0,0,2056,3794076
0,0,2057,3801917
0,0,2058,3810916
0,0,2059,3820580
0,0,2060,3830514
0,0,2061,3840361
0,0,2062,3849805
0,0,2063,3858517
0,0,2064,3866264
0,0,2065,3872880
0,0,2066,3878284
0,0,2067,3882426
0,0,2068,3885311
0,0,2069,3886972
0,0,2070,3887516
0,0,2071,3887047
0,0,2072,3885705
0,0,2073,3883643
0,0,2074,3881051
0,0,2075,3878099
0,0,2076,3874965
0,0,2077,3871804
0,0,2078,3868790
0,0,2079,3866046
0,0,2080,3863683
0,0,2081,3861776
0,0,2082,3860408
0,0,2083,3859607
0,0,2084,3859384
0,0,2085,3859716
0,0,2086,3860589
0,0,2087,3861934
0,0,2088,3863672
0,0,2089,3865700
0,0,2090,3867931
0,0,2091,3870237
0,0,2092,3872504
0,0,2093,3874604
0,0,2094,3876453
0,0,2095,3877943
0,0,2096,3878994
0,0,2097,3879533
0,0,2098,3879536
0,0,2099,3878969
0,0,2100,3877826
0,1,2023,1860460
0,1,2024,1873161
0,1,2025,1885410
0,1,2026,1897402
0,1,2027,1909090
0,1,2028,1920239
0,1,2029,1930728
0,1,2030,1940551
0,1,2031,1949592
0,1,2032,1957616
0,1,2033,1964411
0,1,2034,1969955
0,1,2035,1974317
0,1,2036,1977376
0,1,2037,1978921
0,1,2038,1979000
0,1,2039,1977739
0,1,2040,1975155
0,1,2041,1971514
0,1,2042,1967203
0,1,2043,1962506
0,1,2044,1957709
0,1,2045,1953100
0,1,2046,1948846
0,1,2047,1944978
0,1,2048,1941507
0,1,2049,1938482
0,1,2050,1936035
0,1,2051,1934307
0,1,2052,1933469
0,1,2053,1933670
0,1,2054,1934984
0,1,2055,1937308
0,1,2056,1940531
0,1,2057,1944529
0,1,2058,1949117
0,1,2059,1954053
0,1,2060,1959121
0,1,2061,1964147
0,1,2062,1968971
0,1,2063,1973413
0,1,2064,1977362
0,1,2065,1980733
0,1,2066,1983481
0,1,2067,1985582
0,1,2068,1987046
0,1,2069,1987886
0,1,2070,1988142
0,1,2071,1987884
0,1,2072,1987184
0,1,2073,1986111
0,1,2074,1984773
0,1,2075,1983243
0,1,2076,1981628
0,1,2077,1979994
0,1,2078,1978438
0,1,2079,1977016
0,1,2080,1975790
0,1,2081,1974795
0,1,2082,1974088
0,1,2083,1973660
0,1,2084,1973529
0,1,2085,1973678
0,1,2086,1974110
0,1,2087,1974779
0,1,2088,1975652
0,1,2089,1976675
0,1,2090,1977798
0,1,2091,1978959
0,1,2092,1980104
0,1,2093,1981160
0,1,2094,1982092
0,1,2095,1982835
0,1,2096,1983358
0,1,2097,1983619
0,1,2098,1983606
0,1,2099,1983300
0,1,2100,1982697
0,2,2023,1776359
0,2,2024,1788507
0,2,2025,1800228
0,2,2026,1811710
0,2,2027,1822891
0,2,2028,1833557
0,2,2029,1843600
0,2,2030,1853003
0,2,2031,1861657
0,2,2032,1869335
0,2,2033,1875837
0,2,2034,1881161
0,2,2035,1885346
0,2,2036,1888290
0,2,2037,1889781
0,2,2038,1889889
0,2,2039,1888709
0,2,2040,1886278
0,2,2041,1882822
0,2,2042,1878729
0,2,2043,1874263
0,2,2044,1869702
0,2,2045,1865322
0,2,2046,1861275
0,2,2047,1857601
0,2,2048,1854301
0,2,2049,1851429
0,2,2050,1849120
0,2,2051,1847491
0,2,2052,1846709
0,2,2053,1846939
0,2,2054,1848209
0,2,2055,1850453
0,2,2056,1853545
0,2,2057,1857388
0,2,2058,1861799
0,2,2059,1866527
0,2,2060,1871393
0,2,2061,1876214
0,2,2062,1880834
0,2,2063,1885104
0,2,2064,1888902
0,2,2065,1892147
0,2,2066,1894803
0,2,2067,1896844
0,2,2068,1898265
0,2,2069,1899086
0,2,2070,1899374
0,2,2071,1899163
0,2,2072,1898521
0,2,2073,1897532
0,2,2074,1896278
0,2,2075,1894856
0,2,2076,1893337
0,2,2077,1891810
0,2,2078,1890352
0,2,2079,1889030
0,2,2080,1887893
0,2,2081,1886981
0,2,2082,1886320
0,2,2083,1885947
0,2,2084,1885855
0,2,2085,1886038
0,2,2086,1886479
0,2,2087,1887155
0,2,2088,1888020
0,2,2089,1889025
0,2,2090,1890133
0,2,2091,1891278
0,2,2092,1892400
0,2,2093,1893444
0,2,2094,1894361
0,2,2095,1895108
0,2,2096,1895636
0,2,2097,1895914
0,2,2098,1895930
0,2,2099,1895669
0,2,2100,1895129
1,0,2023,2525356
1,0,2024,2533387
1,0,2025,2540773
1,0,2026,2547741
1,0,2027,2554233
1,0,2028,2560032
1,0,2029,2565070
1,0,2030,2569320
1,0,2031,2572500
1,0,2032,2574198
1,0,2033,2574032
1,0,2034,2571912
1,0,2035,2567906
1,0,2036,2561859
1,0,2037,2553518
1,0,2038,2543037
1,0,2039,2530617
1,0,2040,2516339
1,0,2041,2500624
1,0,2042,2484131
1,0,2043,2467292
1,0,2044,2450464
1,0,2045,2434011
1,0,2046,2418153
1,0,2047,2402931
1,0,2048,2388389
1,0,2049,2374651
1,0,2050,2361919
1,0,2051,2350362
1,0,2052,2340178
1,0,2053,2331571
1,0,2054,2324592
1,0,2055,2319031
1,0,2056,2314608
1,0,2057,2311109
1,0,2058,2308247
1,0,2059,2305626
1,0,2060,2302935
1,1,2023,1292876
1,1,2024,1296949
1,1,2025,1300689
1,1,2026,1304214
1,1,2027,1307495
1,1,2028,1310421
1,1,2029,1312958
1,1,2030,1315093
1,1,2031,1316680
1,1,2032,1317510
1,1,2033,1317386
1,1,2034,1316265
1,1,2035,1314179
1,1,2036,1311050
1,1,2037,1306748
1,1,2038,1301353
1,1,2039,1294966
1,1,2040,1287630
1,1,2041,1279561
1,1,2042,1271094
1,1,2043,1262453
1,1,2044,1253819
1,1,2045,1245376
1,1,2046,1237239
1,1,2047,1229429
1,1,2048,1221965
1,1,2049,1214913
1,1,2050,1208375
1,1,2051,1202438
1,1,2052,1197202
1,1,2053,1192773
1,1,2054,1189177
1,1,2055,1186307
1,1,2056,1184018
1,1,2057,1182202
1,1,2058,1180712
1,1,2059,1179345
1,1,2060,1177944
1,2,2023,1232480
1,2,2024,1236438
1,2,2025,1240084
1,2,2026,1243527
1,2,2027,1246738
1,2,2028,1249611
1,2,2029,1252112
1,2,2030,1254227
1,2,2031,1255820
1,2,2032,1256688
1,2,2033,1256646
1,2,2034,1255647
1,2,2035,1253727
1,2,2036,1250809
1,2,2037,1246770
1,2,2038,1241684
1,2,2039,1235651
1,2,2040,1228709
1,2,2041,1221063
1,2,2042,1213037
1,2,2043,1204839
1,2,2044,1196645
1,2,2045,1188635
1,2,2046,1180914
1,2,2047,1173502
1,2,2048,1166424
1,2,2049,1159738
1,2,2050,1153544
1,2,2051,1147924
1,2,2052,1142976
1,2,2053,1138798
1,2,2054,1135415
1,2,2055,1132724
1,2,2056,1130590
1,2,2057,1128907
1,2,2058,1127535
1,2,2059,1126281
1,2,2060,1124991
2,0,2023,556462
2,0,2024,559122
2,0,2025,561551
2,0,2026,563838
2,0,2027,565946
2,0,2028,567752
2,0,2029,569185
2,0,2030,570299
2,0,2031,571214
2,0,2032,572010
2,0,2033,572742
2,0,2034,573469
2,0,2035,574241
2,0,2036,575071
2,0,2037,575928
2,0,2038,576780
2,0,2039,577599
2,0,2040,578379
2,0,2041,579108
2,0,2042,579689
2,0,2043,580087
2,0,2044,580442
2,0,2045,580863
2,0,2046,581399
2,0,2047,582070
2,0,2048,582860
2,0,2049,583757
2,0,2050,584761
2,0,2051,585891
2,0,2052,587167
2,0,2053,588576
2,0,2054,590080
2,0,2055,591684
2,0,2056,593441
2,0,2057,595367
2,0,2058,597438
2,0,2059,599661
2,0,2060,602061
2,1,2023,282665
2,1,2024,284017
2,1,2025,285251
2,1,2026,286413
2,1,2027,287485
2,1,2028,288404
2,1,2029,289132
2,1,2030,289699
2,1,2031,290165
2,1,2032,290571
2,1,2033,290945
2,1,2034,291316
2,1,2035,291710
2,1,2036,292134
2,1,2037,292571
2,1,2038,293005
2,1,2039,293423
2,1,2040,293821
2,1,2041,294193
2,1,2042,294489
2,1,2043,294692
2,1,2044,294873
2,1,2045,295088
2,1,2046,295361
2,1,2047,295703
2,1,2048,296104
2,1,2049,296561
2,1,2050,297070
2,1,2051,297644
2,1,2052,298292
2,1,2053,299008
2,1,2054,299772
2,1,2055,300586
2,1,2056,301478
2,1,2057,302456
2,1,2058,303508
2,1,2059,304636
2,1,2060,305854
2,2,2023,273797
2,2,2024,275105
2,2,2025,276300
2,2,2026,277425
2,2,2027,278461
2,2,2028,279348
2,2,2029,280053
2,2,2030,280600
2,2,2031,281049
2,2,2032,281439
2,2,2033,281797
2,2,2034,282153
2,2,2035,282531
2,2,2036,282937
2,2,2037,283357
2,2,2038,283775
2,2,2039,284176
2,2,2040,284558
2,2,2041,284915
2,2,2042,285200
2,2,2043,285395
2,2,2044,285569
2,2,2045,285775
2,2,2046,286038
2,2,2047,286367
2,2,2048,286756
2,2,2049,287196
2,2,2050,287691
2,2,2051,288247
2,2,2052,288875
2,2,2053,289568
2,2,2054,290308
2,2,2055,291098
2,2,2056,291963
2,2,2057,292911
2,2,2058,293930
2,2,2059,295025
2,2,2060,296207
3,0,2023,54760
3,0,2024,54958
3,0,2025,55149
3,0,2026,55331
3,0,2027,55499
3,0,2028,55640
3,0,2029,55763
3,0,2030,55885
3,0,2031,56018
3,0,2032,56160
3,0,2033,56299
3,0,2034,56435
3,0,2035,56576
3,0,2036,56725
3,0,2037,56872
3,0,2038,57002
3,0,2039,57098
3,0,2040,57139
3,0,2041,57112
3,0,2042,57001
3,0,2043,56803
3,0,2044,56548
3,0,2045,56255
3,0,2046,55933
3,0,2047,55586
3,0,2048,55206
3,0,2049,54794
3,0,2050,54353
3,0,2051,53884
3,0,2052,53396
3,0,2053,52887
3,0,2054,52361
3,0,2055,51835
3,0,2056,51327
3,0,2057,50854
3,0,2058,50415
3,0,2059,50020
3,0,2060,49681
3,1,2023,27934
3,1,2024,28034
3,1,2025,28132
3,1,2026,28225
3,1,2027,28311
3,1,2028,28383
3,1,2029,28446
3,1,2030,28507
3,1,2031,28575
3,1,2032,28648
3,1,2033,28718
3,1,2034,28787
3,1,2035,28859
3,1,2036,28934
3,1,2037,29010
3,1,2038,29075
3,1,2039,29124
3,1,2040,29145
3,1,2041,29131
3,1,2042,29074
3,1,2043,28973
3,1,2044,28842
3,1,2045,28694
3,1,2046,28529
3,1,2047,28352
3,1,2048,28158
3,1,2049,27948
3,1,2050,27723
3,1,2051,27484
3,1,2052,27235
3,1,2053,26975
3,1,2054,26707
3,1,2055,26438
3,1,2056,26179
3,1,2057,25938
3,1,2058,25714
3,1,2059,25513
3,1,2060,25340
3,2,2023,26826
3,2,2024,26924
3,2,2025,27017
3,2,2026,27106
3,2,2027,27188
3,2,2028,27257
3,2,2029,27317
3,2,2030,27378
3,2,2031,27443
3,2,2032,27512
3,2,2033,27581
3,2,2034,27648
3,2,2035,27717
3,2,2036,27791
3,2,2037,27862
3,2,2038,27927
3,2,2039,27974
3,2,2040,27994
3,2,2041,27981
3,2,2042,27927
3,2,2043,27830
3,2,2044,27706
3,2,2045,27561
3,2,2046,27404
3,2,2047,27234
3,2,2048,27048
3,2,2049,26846
3,2,2050,26630
3,2,2051,26400
3,2,2052,26161
3,2,2053,25912
3,2,2054,25654
3,2,2055,25397
3,2,2056,25148
3,2,2057,24916
3,2,2058,24701
3,2,2059,24507
3,2,2060,24341
4,0,2023,219704
4,0,2024,226510
4,0,2025,233315
4,0,2026,240161
4,0,2027,247043
4,0,2028,253923
4,0,2029,260761
4,0,2030,267513
4,0,2031,274141
4,0,2032,280557
4,0,2033,286728
4,0,2034,292673
4,0,2035,298381
4,0,2036,303817
4,0,2037,308912
4,0,2038,313690
4,0,2039,318209
4,0,2040,322484
4,0,2041,326558
4,0,2042,330529
4,0,2043,334469
4,0,2044,338387
4,0,2045,342291
4,0,2046,346188
4,0,2047,350060
4,0,2048,353878
4,0,2049,357607
4,0,2050,361240
4,0,2051,364791
4,0,2052,368298
4,0,2053,371808
4,0,2054,375382
4,0,2055,379071
4,0,2056,382895
4,0,2057,386868
4,0,2058,390991
4,0,2059,395241
4,0,2060,399567
4,1,2023,113284
4,1,2024,116794
4,1,2025,120305
4,1,2026,123836
4,1,2027,127385
4,1,2028,130934
4,1,2029,134460
4,1,2030,137942
4,1,2031,141361
4,1,2032,144670
4,1,2033,147852
4,1,2034,150918
4,1,2035,153861
4,1,2036,156664
4,1,2037,159292
4,1,2038,161754
4,1,2039,164084
4,1,2040,166288
4,1,2041,168389
4,1,2042,170435
4,1,2043,172467
4,1,2044,174486
4,1,2045,176499
4,1,2046,178508
4,1,2047,180505
4,1,2048,182473
4,1,2049,184396
4,1,2050,186270
4,1,2051,188101
4,1,2052,189910
4,1,2053,191721
4,1,2054,193565
4,1,2055,195469
4,1,2056,197442
4,1,2057,199492
4,1,2058,201619
4,1,2059,203812
4,1,2060,206043
4,2,2023,106420
4,2,2024,109716
4,2,2025,113010
4,2,2026,116325
4,2,2027,119658
4,2,2028,122989
4,2,2029,126301
4,2,2030,129571
4,2,2031,132780
4,2,2032,135887
4,2,2033,138876
4,2,2034,141755
4,2,2035,144520
4,2,2036,147153
4,2,2037,149620
4,2,2038,151936
4,2,2039,154125
4,2,2040,156196
4,2,2041,158169
4,2,2042,160094
4,2,2043,162002
4,2,2044,163901
4,2,2045,165792
4,2,2046,167680
4,2,2047,169555
4,2,2048,171405
4,2,2049,173211
4,2,2050,174970
4,2,2051,176690
4,2,2052,178388
4,2,2053,180087
4,2,2054,181817
4,2,2055,183602
4,2,2056,185453
4,2,2057,187376
4,2,2058,189372
4,2,2059,191429
4,2,2060,193524
5,0,2023,11285
5,0,2024,11427
5,0,2025,11558
5,0,2026,11681
5,0,2027,11798
5,0,2028,11913
5,0,2029,12032
5,0,2030,12159
5,0,2031,12297
5,0,2032,12448
5,0,2033,12609
5,0,2034,12784
5,0,2035,12971
5,0,2036,13166
5,0,2037,13365
5,0,2038,13564
5,0,2039,13761
5,0,2040,13951
5,0,2041,14130
5,0,2042,14301
5,0,2043,14462
5,0,2044,14614
5,0,2045,14758
5,0,2046,14892
5,0,2047,15018
5,0,2048,15127
5,0,2049,15219
5,0,2050,15291
5,0,2051,15344
5,0,2052,15377
5,0,2053,15391
5,0,2054,15390
5,0,2055,15379
5,0,2056,15364
5,0,2057,15354
5,0,2058,15350
5,0,2059,15360
5,0,2060,15387
5,1,2023,5802
5,1,2024,5876
5,1,2025,5944
5,1,2026,6007
5,1,2027,6067
5,1,2028,6126
5,1,2029,6188
5,1,2030,6253
5,1,2031,6324
5,1,2032,6402
5,1,2033,6485
5,1,2034,6575
5,1,2035,6671
5,1,2036,6771
5,1,2037,6874
5,1,2038,6976
5,1,2039,7077
5,1,2040,7174
5,1,2041,7267
5,1,2042,7354
5,1,2043,7437
5,1,2044,7515
5,1,2045,7589
5,1,2046,7658
5,1,2047,7723
5,1,2048,7778
5,1,2049,7825
5,1,2050,7863
5,1,2051,7890
5,1,2052,7908
5,1,2053,7915
5,1,2054,7915
5,1,2055,7910
5,1,2056,7903
5,1,2057,7898
5,1,2058,7896
5,1,2059,7902
5,1,2060,7917
5,2,2023,5483
5,2,2024,5551
5,2,2025,5614
5,2,2026,5674
5,2,2027,5731
5,2,2028,5787
5,2,2029,5844
5,2,2030,5906
5,2,2031,5973
5,2,2032,6046
5,2,2033,6124
5,2,2034,6209
5,2,2035,6300
5,2,2036,6395
5,2,2037,6491
5,2,2038,6588
5,2,2039,6684
5,2,2040,6777
5,2,2041,6863
5,2,2042,6947
5,2,2043,7025
5,2,2044,7099
5,2,2045,7169
5,2,2046,7234
5,2,2047,7295
5,2,2048,7349
5,2,2049,7394
5,2,2050,7428
5,2,2051,7454
5,2,2052,7469
5,2,2053,7476
5,2,2054,7475
5,2,2055,7469
5,2,2056,7461
5,2,2057,7456
5,2,2058,7454
5,2,2059,7458
5,2,2060,7470
6,0,2023,269252
6,0,2024,276264
6,0,2025,283292
6,0,2026,290360
6,0,2027,297462
6,0,2028,304536
6,0,2029,311517
6,0,2030,318378
6,0,2031,325079
6,0,2032,331578
6,0,2033,337838
6,0,2034,343843
6,0,2035,349588
6,0,2036,355028
6,0,2037,360107
6,0,2038,364816
6,0,2039,369164
6,0,2040,373141
6,0,2041,376804
6,0,2042,380281
6,0,2043,383656
6,0,2044,386956
6,0,2045,390244
6,0,2046,393556
6,0,2047,396914
6,0,2048,400348
6,0,2049,403883
6,0,2050,407591
6,0,2051,411526
6,0,2052,415762
6,0,2053,420376
6,0,2054,425388
6,0,2055,430761
6,0,2056,436441
6,0,2057,442365
6,0,2058,448475
6,0,2059,454672
6,0,2060,460883
6,1,2023,137899
6,1,2024,141491
6,1,2025,145089
6,1,2026,148707
6,1,2027,152347
6,1,2028,155971
6,1,2029,159544
6,1,2030,163057
6,1,2031,166487
6,1,2032,169815
6,1,2033,173025
6,1,2034,176094
6,1,2035,179037
6,1,2036,181823
6,1,2037,184426
6,1,2038,186837
6,1,2039,189065
6,1,2040,191097
6,1,2041,192973
6,1,2042,194757
6,1,2043,196484
6,1,2044,198174
6,1,2045,199854
6,1,2046,201551
6,1,2047,203266
6,1,2048,205029
6,1,2049,206839
6,1,2050,208734
6,1,2051,210750
6,1,2052,212922
6,1,2053,215278
6,1,2054,217848
6,1,2055,220598
6,1,2056,223511
6,1,2057,226543
6,1,2058,229668
6,1,2059,232845
6,1,2060,236023
6,2,2023,131353
6,2,2024,134773
6,2,2025,138203
6,2,2026,141653
6,2,2027,145115
6,2,2028,148565
6,2,2029,151973
6,2,2030,155321
6,2,2031,158592
6,2,2032,161763
6,2,2033,164813
6,2,2034,167749
6,2,2035,170551
6,2,2036,173205
6,2,2037,175681
6,2,2038,177979
6,2,2039,180099
6,2,2040,182044
6,2,2041,183831
6,2,2042,185524
6,2,2043,187172
6,2,2044,188782
6,2,2045,190390
6,2,2046,192005
6,2,2047,193648
6,2,2048,195319
6,2,2049,197044
6,2,2050,198857
6,2,2051,200776
6,2,2052,202840
6,2,2053,205098
6,2,2054,207540
6,2,2055,210163
6,2,2056,212930
6,2,2057,215822
6,2,2058,218807
6,2,2059,221827
6,2,2060,224860
7,0,2023,2682193
7,0,2024,2689734
7,0,2025,2695960
7,0,2026,2701332
7,0,2027,2705951
7,0,2028,2709678
7,0,2029,2712447
7,0,2030,2714319
7,0,2031,2715220
7,0,2032,2714851
7,0,2033,2713053
7,0,2034,2709905
7,0,2035,2705484
7,0,2036,2699638
7,0,2037,2692095
7,0,2038,2683019
7,0,2039,2672624
7,0,2040,2660954
7,0,2041,2648420
7,0,2042,2635686
7,0,2043,2623146
7,0,2044,2611034
7,0,2045,2599555
7,0,2046,2588804
7,0,2047,2578738
7,0,2048,2569263
7,0,2049,2560389
7,0,2050,2552210
7,0,2051,2544861
7,0,2052,2538595
7,0,2053,2533678
7,0,2054,2530213
7,0,2055,2528115
7,0,2056,2527182
7,0,2057,2527284
7,0,2058,2528218
7,0,2059,2529625
7,0,2060,2531218
7,1,2023,1373778
7,1,2024,1377653
7,1,2025,1380857
7,1,2026,1383620
7,1,2027,1386002
7,1,2028,1387929
7,1,2029,1389362
7,1,2030,1390341
7,1,2031,1390819
7,1,2032,1390650
7,1,2033,1389749
7,1,2034,1388149
7,1,2035,1385900
7,1,2036,1382916
7,1,2037,1379066
7,1,2038,1374426
7,1,2039,1369105
7,1,2040,1363132
7,1,2041,1356717
7,1,2042,1350199
7,1,2043,1343781
7,1,2044,1337580
7,1,2045,1331703
7,1,2046,1326197
7,1,2047,1321045
7,1,2048,1316194
7,1,2049,1311651
7,1,2050,1307458
7,1,2051,1303698
7,1,2052,1300489
7,1,2053,1297968
7,1,2054,1296195
7,1,2055,1295121
7,1,2056,1294648
7,1,2057,1294700
7,1,2058,1295179
7,1,2059,1295903
7,1,2060,1296720
7,2,2023,1308415
7,2,2024,1312081
7,2,2025,1315103
7,2,2026,1317712
7,2,2027,1319949
7,2,2028,1321749
7,2,2029,1323085
7,2,2030,1323978
7,2,2031,1324401
7,2,2032,1324201
7,2,2033,1323304
7,2,2034,1321756
7,2,2035,1319584
7,2,2036,1316722
7,2,2037,1313029
7,2,2038,1308593
7,2,2039,1303519
7,2,2040,1297822
7,2,2041,1291703
7,2,2042,1285487
7,2,2043,1279365
7,2,2044,1273454
7,2,2045,1267852
7,2,2046,1262607
7,2,2047,1257693
7,2,2048,1253069
7,2,2049,1248738
7,2,2050,1244752
7,2,2051,1241163
7,2,2052,1238106
7,2,2053,1235710
7,2,2054,1234018
7,2,2055,1232994
7,2,2056,1232534
7,2,2057,1232584
7,2,2058,1233039
7,2,2059,1233722
7,2,2060,1234498
8,0,2023,954626
8,0,2024,971934
8,0,2025,989678
8,0,2026,1007780
8,0,2027,1026030
8,0,2028,1044118
8,0,2029,1061881
8,0,2030,1079235
8,0,2031,1096029
8,0,2032,1112100
8,0,2033,1127195
8,0,2034,1141211
8,0,2035,1154179
8,0,2036,1166028
8,0,2037,1176607
8,0,2038,1185870
8,0,2039,1193824
8,0,2040,1200479
8,0,2041,1205916
8,0,2042,1210246
8,0,2043,1213623
8,0,2044,1216377
8,0,2045,1218867
8,0,2046,1221317
8,0,2047,1223841
8,0,2048,1226545
8,0,2049,1229522
8,0,2050,1232945
8,0,2051,1236937
8,0,2052,1241583
8,0,2053,1246931
8,0,2054,1252980
8,0,2055,1259646
8,0,2056,1266894
8,0,2057,1274633
8,0,2058,1282698
8,0,2059,1290955
8,0,2060,1299296
8,1,2023,486682
8,1,2024,495508
8,1,2025,504553
8,1,2026,513782
8,1,2027,523088
8,1,2028,532310
8,1,2029,541366
8,1,2030,550210
8,1,2031,558773
8,1,2032,566966
8,1,2033,574662
8,1,2034,581806
8,1,2035,588417
8,1,2036,594460
8,1,2037,599855
8,1,2038,604574
8,1,2039,608634
8,1,2040,612023
8,1,2041,614797
8,1,2042,617004
8,1,2043,618725
8,1,2044,620129
8,1,2045,621397
8,1,2046,622649
8,1,2047,623933
8,1,2048,625313
8,1,2049,626831
8,1,2050,628577
8,1,2051,630609
8,1,2052,632980
8,1,2053,635702
8,1,2054,638789
8,1,2055,642187
8,1,2056,645883
8,1,2057,649829
8,1,2058,653938
8,1,2059,658150
8,1,2060,662401
8,2,2023,467944
8,2,2024,476426
8,2,2025,485125
8,2,2026,493998
8,2,2027,502942
8,2,2028,511808
8,2,2029,520515
8,2,2030,529025
8,2,2031,537256
8,2,2032,545134
8,2,2033,552533
8,2,2034,559405
8,2,2035,565762
8,2,2036,571568
8,2,2037,576752
8,2,2038,581296
8,2,2039,585190
8,2,2040,588456
8,2,2041,591119
8,2,2042,593242
8,2,2043,594898
8,2,2044,596248
8,2,2045,597470
8,2,2046,598668
8,2,2047,599908
8,2,2048,601232
8,2,2049,602691
8,2,2050,604368
8,2,2051,606328
8,2,2052,608603
8,2,2053,611229
8,2,2054,614191
8,2,2055,617459
8,2,2056,621011
8,2,2057,624804
8,2,2058,628760
8,2,2059,632805
8,2,2060,636895
9,0,2023,1722536
9,0,2024,1715475
9,0,2025,1707446
9,0,2026,1698759
9,0,2027,1689565
9,0,2028,1679915
9,0,2029,1669902
9,0,2030,1659594
9,0,2031,1648874
9,0,2032,1637488
9,0,2033,1625267
9,0,2034,1612211
9,0,2035,1598359
9,0,2036,1583618
9,0,2037,1567857
9,0,2038,1551236
9,0,2039,1533903
9,0,2040,1515864
9,0,2041,1497407
9,0,2042,1479023
9,0,2043,1460959
9,0,2044,1443303
9,0,2045,1426147
9,0,2046,1409510
9,0,2047,1393318
9,0,2048,1377506
9,0,2049,1362092
9,0,2050,1347132
9,0,2051,1332699
9,0,2052,1318915
9,0,2053,1305936
9,0,2054,1293837
9,0,2055,1282510
9,0,2056,1271777
9,0,2057,1261558
9,0,2058,1251727
9,0,2059,1242065
9,0,2060,1232410
9,1,2023,883586
9,1,2024,879964
9,1,2025,875846
9,1,2026,871389
9,1,2027,866673
9,1,2028,861723
9,1,2029,856587
9,1,2030,851300
9,1,2031,845801
9,1,2032,839960
9,1,2033,833691
9,1,2034,826994
9,1,2035,819889
9,1,2036,812327
9,1,2037,804242
9,1,2038,795717
9,1,2039,786825
9,1,2040,777572
9,1,2041,768105
9,1,2042,758674
9,1,2043,749408
9,1,2044,740352
9,1,2045,731551
9,1,2046,723017
9,1,2047,714712
9,1,2048,706601
9,1,2049,698694
9,1,2050,691020
9,1,2051,683617
9,1,2052,676546
9,1,2053,669888
9,1,2054,663682
9,1,2055,657872
9,1,2056,652366
9,1,2057,647124
9,1,2058,642081
9,1,2059,637125
9,1,2060,632173
9,2,2023,838950
9,2,2024,835511
9,2,2025,831600
9,2,2026,827370
9,2,2027,822892
9,2,2028,818192
9,2,2029,813315
9,2,2030,808294
9,2,2031,803073
9,2,2032,797528
9,2,2033,791576
9,2,2034,785217
9,2,2035,778470
9,2,2036,771291
9,2,2037,763615
9,2,2038,755519
9,2,2039,747078
9,2,2040,738292
9,2,2041,729302
9,2,2042,720349
9,2,2043,711551
9,2,2044,702951
9,2,2045,694596
9,2,2046,686493
9,2,2047,678606
9,2,2048,670905
9,2,2049,663398
9,2,2050,656112
9,2,2051,649082
9,2,2052,642369
9,2,2053,636048
9,2,2054,630155
9,2,2055,624638
9,2,2056,619411
9,2,2057,614434
9,2,2058,609646
9,2,2059,604940
9,2,2060,600237
